Code Domaine,Domaine,Code zone,Zone,Code Élément,Élément,Code Produit,Produit,Code année,Année,Unité,Valeur,Symbole,Description du Symbole
"OA","Séries temporelles annuelles","2","Afghanistan","511","Population totale","3010","Population-Estimations","2013","2013","1000 personnes","31731.688","XU","UNDESA, Population Division – World Population Prospects, the 2017 Revision"
"OA","Séries temporelles annuelles","202","Afrique du Sud","511","Population totale","3010","Population-Estimations","2013","2013","1000 personnes","53767.396","XU","UNDESA, Population Division – World Population Prospects, the 2017 Revision"
"OA","Séries temporelles annuelles","3","Albanie","511","Population totale","3010","Population-Estimations","2013","2013","1000 personnes","2918.978","XU","UNDESA, Population Division – World Population Prospects, the 2017 Revision"
"OA","Séries temporelles annuelles","4","Algérie","511","Population totale","3010","Population-Estimations","2013","2013","1000 personnes","38338.562","XU","UNDESA, Population Division – World Population Prospects, the 2017 Revision"
"OA","Séries temporelles annuelles","79","Allemagne","511","Population totale","3010","Population-Estimations","2013","2013","1000 personnes","81265.139","XU","UNDESA, Population Division – World Population Prospects, the 2017 Revision"
"OA","Séries temporelles annuelles","6","Andorre","511","Population totale","3010","Population-Estimations","2013","2013","1000 personnes","80.788","XU","UNDESA, Population Division – World Population Prospects, the 2017 Revision"
"OA","Séries temporelles annuelles","7","Angola","511","Population totale","3010","Population-Estimations","2013","2013","1000 personnes","25998.34","XU","UNDESA, Population Division – World Population Prospects, the 2017 Revision"
"OA","Séries temporelles annuelles","258","Anguilla","511","Population totale","3010","Population-Estimations","2013","2013","1000 personnes","14.299","XU","UNDESA, Population Division – World Population Prospects, the 2017 Revision"
"OA","Séries temporelles annuelles","8","Antigua-et-Barbuda","511","Population totale","3010","Population-Estimations","2013","2013","1000 personnes","97.824","XU","UNDESA, Population Division – World Population Prospects, the 2017 Revision"
"OA","Séries temporelles annuelles","194","Arabie saoudite","511","Population totale","3010","Population-Estimations","2013","2013","1000 personnes","29944.476","XU","UNDESA, Population Division – World Population Prospects, the 2017 Revision"
"OA","Séries temporelles annuelles","9","Argentine","511","Population totale","3010","Population-Estimations","2013","2013","1000 personnes","42539.925","XU","UNDESA, Population Division – World Population Prospects, the 2017 Revision"
"OA","Séries temporelles annuelles","1","Arménie","511","Population totale","3010","Population-Estimations","2013","2013","1000 personnes","2893.509","XU","UNDESA, Population Division – World Population Prospects, the 2017 Revision"
"OA","Séries temporelles annuelles","22","Aruba","511","Population totale","3010","Population-Estimations","2013","2013","1000 personnes","103.187","XU","UNDESA, Population Division – World Population Prospects, the 2017 Revision"
"OA","Séries temporelles annuelles","10","Australie","511","Population totale","3010","Population-Estimations","2013","2013","1000 personnes","23150.729","XU","UNDESA, Population Division – World Population Prospects, the 2017 Revision"
"OA","Séries temporelles annuelles","11","Autriche","511","Population totale","3010","Population-Estimations","2013","2013","1000 personnes","8577.782","XU","UNDESA, Population Division – World Population Prospects, the 2017 Revision"
"OA","Séries temporelles annuelles","52","Azerbaïdjan","511","Population totale","3010","Population-Estimations","2013","2013","1000 personnes","9385.293","XU","UNDESA, Population Division – World Population Prospects, the 2017 Revision"
"OA","Séries temporelles annuelles","12","Bahamas","511","Population totale","3010","Population-Estimations","2013","2013","1000 personnes","377.24","XU","UNDESA, Population Division – World Population Prospects, the 2017 Revision"
"OA","Séries temporelles annuelles","13","Bahreïn","511","Population totale","3010","Population-Estimations","2013","2013","1000 personnes","1315.411","XU","UNDESA, Population Division – World Population Prospects, the 2017 Revision"
"OA","Séries temporelles annuelles","16","Bangladesh","511","Population totale","3010","Population-Estimations","2013","2013","1000 personnes","157571.292","XU","UNDESA, Population Division – World Population Prospects, the 2017 Revision"
"OA","Séries temporelles annuelles","14","Barbade","511","Population totale","3010","Population-Estimations","2013","2013","1000 personnes","282.509","XU","UNDESA, Population Division – World Population Prospects, the 2017 Revision"
"OA","Séries temporelles annuelles","57","Bélarus","511","Population totale","3010","Population-Estimations","2013","2013","1000 personnes","9478.902","XU","UNDESA, Population Division – World Population Prospects, the 2017 Revision"
"OA","Séries temporelles annuelles","255","Belgique","511","Population totale","3010","Population-Estimations","2013","2013","1000 personnes","11151.512","XU","UNDESA, Population Division – World Population Prospects, the 2017 Revision"
"OA","Séries temporelles annuelles","23","Belize","511","Population totale","3010","Population-Estimations","2013","2013","1000 personnes","344.181","XU","UNDESA, Population Division – World Population Prospects, the 2017 Revision"
"OA","Séries temporelles annuelles","53","Bénin","511","Population totale","3010","Population-Estimations","2013","2013","1000 personnes","10004.451","XU","UNDESA, Population Division – World Population Prospects, the 2017 Revision"
"OA","Séries temporelles annuelles","17","Bermudes","511","Population totale","3010","Population-Estimations","2013","2013","1000 personnes","62.771","XU","UNDESA, Population Division – World Population Prospects, the 2017 Revision"
"OA","Séries temporelles annuelles","18","Bhoutan","511","Population totale","3010","Population-Estimations","2013","2013","1000 personnes","764.961","XU","UNDESA, Population Division – World Population Prospects, the 2017 Revision"
"OA","Séries temporelles annuelles","19","Bolivie (État plurinational de)","511","Population totale","3010","Population-Estimations","2013","2013","1000 personnes","10400.264","XU","UNDESA, Population Division – World Population Prospects, the 2017 Revision"
"OA","Séries temporelles annuelles","80","Bosnie-Herzégovine","511","Population totale","3010","Population-Estimations","2013","2013","1000 personnes","3604.999","XU","UNDESA, Population Division – World Population Prospects, the 2017 Revision"
"OA","Séries temporelles annuelles","20","Botswana","511","Population totale","3010","Population-Estimations","2013","2013","1000 personnes","2128.507","XU","UNDESA, Population Division – World Population Prospects, the 2017 Revision"
"OA","Séries temporelles annuelles","21","Brésil","511","Population totale","3010","Population-Estimations","2013","2013","1000 personnes","202408.632","XU","UNDESA, Population Division – World Population Prospects, the 2017 Revision"
"OA","Séries temporelles annuelles","26","Brunéi Darussalam","511","Population totale","3010","Population-Estimations","2013","2013","1000 personnes","405.716","XU","UNDESA, Population Division – World Population Prospects, the 2017 Revision"
"OA","Séries temporelles annuelles","27","Bulgarie","511","Population totale","3010","Population-Estimations","2013","2013","1000 personnes","7266.141","XU","UNDESA, Population Division – World Population Prospects, the 2017 Revision"
"OA","Séries temporelles annuelles","233","Burkina Faso","511","Population totale","3010","Population-Estimations","2013","2013","1000 personnes","17072.723","XU","UNDESA, Population Division – World Population Prospects, the 2017 Revision"
"OA","Séries temporelles annuelles","29","Burundi","511","Population totale","3010","Population-Estimations","2013","2013","1000 personnes","9600.186","XU","UNDESA, Population Division – World Population Prospects, the 2017 Revision"
"OA","Séries temporelles annuelles","35","Cabo Verde","511","Population totale","3010","Population-Estimations","2013","2013","1000 personnes","520.106","XU","UNDESA, Population Division – World Population Prospects, the 2017 Revision"
"OA","Séries temporelles annuelles","115","Cambodge","511","Population totale","3010","Population-Estimations","2013","2013","1000 personnes","15022.692","XU","UNDESA, Population Division – World Population Prospects, the 2017 Revision"
"OA","Séries temporelles annuelles","32","Cameroun","511","Population totale","3010","Population-Estimations","2013","2013","1000 personnes","21655.715","XU","UNDESA, Population Division – World Population Prospects, the 2017 Revision"
"OA","Séries temporelles annuelles","33","Canada","511","Population totale","3010","Population-Estimations","2013","2013","1000 personnes","35255.495","XU","UNDESA, Population Division – World Population Prospects, the 2017 Revision"
"OA","Séries temporelles annuelles","40","Chili","511","Population totale","3010","Population-Estimations","2013","2013","1000 personnes","17462.982","XU","UNDESA, Population Division – World Population Prospects, the 2017 Revision"
"OA","Séries temporelles annuelles","96","Chine - RAS de Hong-Kong","511","Population totale","3010","Population-Estimations","2013","2013","1000 personnes","7148.571","XU","UNDESA, Population Division – World Population Prospects, the 2017 Revision"
"OA","Séries temporelles annuelles","128","Chine - RAS de Macao","511","Population totale","3010","Population-Estimations","2013","2013","1000 personnes","575.841","XU","UNDESA, Population Division – World Population Prospects, the 2017 Revision"
"OA","Séries temporelles annuelles","41","Chine, continentale","511","Population totale","3010","Population-Estimations","2013","2013","1000 personnes","1382793.212","XU","UNDESA, Population Division – World Population Prospects, the 2017 Revision"
"OA","Séries temporelles annuelles","214","Chine, Taiwan Province de","511","Population totale","3010","Population-Estimations","2013","2013","1000 personnes","23339.858","XU","UNDESA, Population Division – World Population Prospects, the 2017 Revision"
"OA","Séries temporelles annuelles","50","Chypre","511","Population totale","3010","Population-Estimations","2013","2013","1000 personnes","1143.896","XU","UNDESA, Population Division – World Population Prospects, the 2017 Revision"
"OA","Séries temporelles annuelles","44","Colombie","511","Population totale","3010","Population-Estimations","2013","2013","1000 personnes","47342.981","XU","UNDESA, Population Division – World Population Prospects, the 2017 Revision"
"OA","Séries temporelles annuelles","45","Comores","511","Population totale","3010","Population-Estimations","2013","2013","1000 personnes","741.5","XU","UNDESA, Population Division – World Population Prospects, the 2017 Revision"
"OA","Séries temporelles annuelles","46","Congo","511","Population totale","3010","Population-Estimations","2013","2013","1000 personnes","4751.393","XU","UNDESA, Population Division – World Population Prospects, the 2017 Revision"
"OA","Séries temporelles annuelles","48","Costa Rica","511","Population totale","3010","Population-Estimations","2013","2013","1000 personnes","4706.401","XU","UNDESA, Population Division – World Population Prospects, the 2017 Revision"
"OA","Séries temporelles annuelles","107","Côte d'Ivoire","511","Population totale","3010","Population-Estimations","2013","2013","1000 personnes","21966.312","XU","UNDESA, Population Division – World Population Prospects, the 2017 Revision"
"OA","Séries temporelles annuelles","98","Croatie","511","Population totale","3010","Population-Estimations","2013","2013","1000 personnes","4277.806","XU","UNDESA, Population Division – World Population Prospects, the 2017 Revision"
"OA","Séries temporelles annuelles","49","Cuba","511","Population totale","3010","Population-Estimations","2013","2013","1000 personnes","11412.167","XU","UNDESA, Population Division – World Population Prospects, the 2017 Revision"
"OA","Séries temporelles annuelles","54","Danemark","511","Population totale","3010","Population-Estimations","2013","2013","1000 personnes","5637.817","XU","UNDESA, Population Division – World Population Prospects, the 2017 Revision"
"OA","Séries temporelles annuelles","72","Djibouti","511","Population totale","3010","Population-Estimations","2013","2013","1000 personnes","896.688","XU","UNDESA, Population Division – World Population Prospects, the 2017 Revision"
"OA","Séries temporelles annuelles","55","Dominique","511","Population totale","3010","Population-Estimations","2013","2013","1000 personnes","72.4","XU","UNDESA, Population Division – World Population Prospects, the 2017 Revision"
"OA","Séries temporelles annuelles","59","Égypte","511","Population totale","3010","Population-Estimations","2013","2013","1000 personnes","89807.433","XU","UNDESA, Population Division – World Population Prospects, the 2017 Revision"
"OA","Séries temporelles annuelles","60","El Salvador","511","Population totale","3010","Population-Estimations","2013","2013","1000 personnes","6250.777","XU","UNDESA, Population Division – World Population Prospects, the 2017 Revision"
"OA","Séries temporelles annuelles","225","Émirats arabes unis","511","Population totale","3010","Population-Estimations","2013","2013","1000 personnes","9006.263","XU","UNDESA, Population Division – World Population Prospects, the 2017 Revision"
"OA","Séries temporelles annuelles","58","Équateur","511","Population totale","3010","Population-Estimations","2013","2013","1000 personnes","15661.547","XU","UNDESA, Population Division – World Population Prospects, the 2017 Revision"
"OA","Séries temporelles annuelles","178","Érythrée","511","Population totale","3010","Population-Estimations","2013","2013","1000 personnes","4650.998","XU","UNDESA, Population Division – World Population Prospects, the 2017 Revision"
"OA","Séries temporelles annuelles","203","Espagne","511","Population totale","3010","Population-Estimations","2013","2013","1000 personnes","46697.553","XU","UNDESA, Population Division – World Population Prospects, the 2017 Revision"
"OA","Séries temporelles annuelles","63","Estonie","511","Population totale","3010","Population-Estimations","2013","2013","1000 personnes","1321.56","XU","UNDESA, Population Division – World Population Prospects, the 2017 Revision"
"OA","Séries temporelles annuelles","231","États-Unis d'Amérique","511","Population totale","3010","Population-Estimations","2013","2013","1000 personnes","315536.676","XU","UNDESA, Population Division – World Population Prospects, the 2017 Revision"
"OA","Séries temporelles annuelles","238","Éthiopie","511","Population totale","3010","Population-Estimations","2013","2013","1000 personnes","94887.724","XU","UNDESA, Population Division – World Population Prospects, the 2017 Revision"
"OA","Séries temporelles annuelles","185","Fédération de Russie","511","Population totale","3010","Population-Estimations","2013","2013","1000 personnes","143597.23","XU","UNDESA, Population Division – World Population Prospects, the 2017 Revision"
"OA","Séries temporelles annuelles","66","Fidji","511","Population totale","3010","Population-Estimations","2013","2013","1000 personnes","879.715","XU","UNDESA, Population Division – World Population Prospects, the 2017 Revision"
"OA","Séries temporelles annuelles","67","Finlande","511","Population totale","3010","Population-Estimations","2013","2013","1000 personnes","5436.616","XU","UNDESA, Population Division – World Population Prospects, the 2017 Revision"
"OA","Séries temporelles annuelles","68","France","511","Population totale","3010","Population-Estimations","2013","2013","1000 personnes","63919.917","XU","UNDESA, Population Division – World Population Prospects, the 2017 Revision"
"OA","Séries temporelles annuelles","74","Gabon","511","Population totale","3010","Population-Estimations","2013","2013","1000 personnes","1817.271","XU","UNDESA, Population Division – World Population Prospects, the 2017 Revision"
"OA","Séries temporelles annuelles","75","Gambie","511","Population totale","3010","Population-Estimations","2013","2013","1000 personnes","1859.324","XU","UNDESA, Population Division – World Population Prospects, the 2017 Revision"
"OA","Séries temporelles annuelles","73","Géorgie","511","Population totale","3010","Population-Estimations","2013","2013","1000 personnes","4045.91","XU","UNDESA, Population Division – World Population Prospects, the 2017 Revision"
"OA","Séries temporelles annuelles","81","Ghana","511","Population totale","3010","Population-Estimations","2013","2013","1000 personnes","26346.251","XU","UNDESA, Population Division – World Population Prospects, the 2017 Revision"
"OA","Séries temporelles annuelles","82","Gibraltar","511","Population totale","3010","Population-Estimations","2013","2013","1000 personnes","33.831","XU","UNDESA, Population Division – World Population Prospects, the 2017 Revision"
"OA","Séries temporelles annuelles","84","Grèce","511","Population totale","3010","Population-Estimations","2013","2013","1000 personnes","11321.3","XU","UNDESA, Population Division – World Population Prospects, the 2017 Revision"
"OA","Séries temporelles annuelles","86","Grenade","511","Population totale","3010","Population-Estimations","2013","2013","1000 personnes","105.909","XU","UNDESA, Population Division – World Population Prospects, the 2017 Revision"
"OA","Séries temporelles annuelles","85","Groenland","511","Population totale","3010","Population-Estimations","2013","2013","1000 personnes","56.414","XU","UNDESA, Population Division – World Population Prospects, the 2017 Revision"
"OA","Séries temporelles annuelles","87","Guadeloupe","511","Population totale","3010","Population-Estimations","2013","2013","1000 personnes","451.338","XU","UNDESA, Population Division – World Population Prospects, the 2017 Revision"
"OA","Séries temporelles annuelles","88","Guam","511","Population totale","3010","Population-Estimations","2013","2013","1000 personnes","160.375","XU","UNDESA, Population Division – World Population Prospects, the 2017 Revision"
"OA","Séries temporelles annuelles","89","Guatemala","511","Population totale","3010","Population-Estimations","2013","2013","1000 personnes","15596.214","XU","UNDESA, Population Division – World Population Prospects, the 2017 Revision"
"OA","Séries temporelles annuelles","90","Guinée","511","Population totale","3010","Population-Estimations","2013","2013","1000 personnes","11536.615","XU","UNDESA, Population Division – World Population Prospects, the 2017 Revision"
"OA","Séries temporelles annuelles","61","Guinée équatoriale","511","Population totale","3010","Population-Estimations","2013","2013","1000 personnes","1083.746","XU","UNDESA, Population Division – World Population Prospects, the 2017 Revision"
"OA","Séries temporelles annuelles","175","Guinée-Bissau","511","Population totale","3010","Population-Estimations","2013","2013","1000 personnes","1681.495","XU","UNDESA, Population Division – World Population Prospects, the 2017 Revision"
"OA","Séries temporelles annuelles","91","Guyana","511","Population totale","3010","Population-Estimations","2013","2013","1000 personnes","758.081","XU","UNDESA, Population Division – World Population Prospects, the 2017 Revision"
"OA","Séries temporelles annuelles","69","Guyane française","511","Population totale","3010","Population-Estimations","2013","2013","1000 personnes","254.503","XU","UNDESA, Population Division – World Population Prospects, the 2017 Revision"
"OA","Séries temporelles annuelles","93","Haïti","511","Population totale","3010","Population-Estimations","2013","2013","1000 personnes","10431.776","XU","UNDESA, Population Division – World Population Prospects, the 2017 Revision"
"OA","Séries temporelles annuelles","95","Honduras","511","Population totale","3010","Population-Estimations","2013","2013","1000 personnes","8657.785","XU","UNDESA, Population Division – World Population Prospects, the 2017 Revision"
"OA","Séries temporelles annuelles","97","Hongrie","511","Population totale","3010","Population-Estimations","2013","2013","1000 personnes","9841.697","XU","UNDESA, Population Division – World Population Prospects, the 2017 Revision"
"OA","Séries temporelles annuelles","264","Île de Man","511","Population totale","3010","Population-Estimations","2013","2013","1000 personnes","82.013","XU","UNDESA, Population Division – World Population Prospects, the 2017 Revision"
"OA","Séries temporelles annuelles","259","Iles Anglo-Normandes","511","Population totale","3010","Population-Estimations","2013","2013","1000 personnes","162.18","XU","UNDESA, Population Division – World Population Prospects, the 2017 Revision"
"OA","Séries temporelles annuelles","36","Îles Caïmanes","511","Population totale","3010","Population-Estimations","2013","2013","1000 personnes","58.371","XU","UNDESA, Population Division – World Population Prospects, the 2017 Revision"
"OA","Séries temporelles annuelles","47","Îles Cook","511","Population totale","3010","Population-Estimations","2013","2013","1000 personnes","17.767","XU","UNDESA, Population Division – World Population Prospects, the 2017 Revision"
"OA","Séries temporelles annuelles","65","Îles Falkland","511","Population totale","3010","Population-Estimations","2013","2013","1000 personnes","2.87","XU","UNDESA, Population Division – World Population Prospects, the 2017 Revision"
"OA","Séries temporelles annuelles","64","Îles Féroé","511","Population totale","3010","Population-Estimations","2013","2013","1000 personnes","48.747","XU","UNDESA, Population Division – World Population Prospects, the 2017 Revision"
"OA","Séries temporelles annuelles","163","Îles Mariannes du Nord","511","Population totale","3010","Population-Estimations","2013","2013","1000 personnes","54.036","XU","UNDESA, Population Division – World Population Prospects, the 2017 Revision"
"OA","Séries temporelles annuelles","127","Îles Marshall","511","Population totale","3010","Population-Estimations","2013","2013","1000 personnes","52.793","XU","UNDESA, Population Division – World Population Prospects, the 2017 Revision"
"OA","Séries temporelles annuelles","25","Îles Salomon","511","Population totale","3010","Population-Estimations","2013","2013","1000 personnes","563.513","XU","UNDESA, Population Division – World Population Prospects, the 2017 Revision"
"OA","Séries temporelles annuelles","224","Îles Turques et Caïques","511","Population totale","3010","Population-Estimations","2013","2013","1000 personnes","33.108","XU","UNDESA, Population Division – World Population Prospects, the 2017 Revision"
"OA","Séries temporelles annuelles","240","Îles Vierges américaines","511","Population totale","3010","Population-Estimations","2013","2013","1000 personnes","105.311","XU","UNDESA, Population Division – World Population Prospects, the 2017 Revision"
"OA","Séries temporelles annuelles","239","Îles Vierges britanniques","511","Population totale","3010","Population-Estimations","2013","2013","1000 personnes","29.056","XU","UNDESA, Population Division – World Population Prospects, the 2017 Revision"
"OA","Séries temporelles annuelles","243","Îles Wallis et Futuna","511","Population totale","3010","Population-Estimations","2013","2013","1000 personnes","12.551","XU","UNDESA, Population Division – World Population Prospects, the 2017 Revision"
"OA","Séries temporelles annuelles","100","Inde","511","Population totale","3010","Population-Estimations","2013","2013","1000 personnes","1278562.207","XU","UNDESA, Population Division – World Population Prospects, the 2017 Revision"
"OA","Séries temporelles annuelles","101","Indonésie","511","Population totale","3010","Population-Estimations","2013","2013","1000 personnes","252032.263","XU","UNDESA, Population Division – World Population Prospects, the 2017 Revision"
"OA","Séries temporelles annuelles","102","Iran (République islamique d')","511","Population totale","3010","Population-Estimations","2013","2013","1000 personnes","77435.384","XU","UNDESA, Population Division – World Population Prospects, the 2017 Revision"
"OA","Séries temporelles annuelles","103","Iraq","511","Population totale","3010","Population-Estimations","2013","2013","1000 personnes","33883.145","XU","UNDESA, Population Division – World Population Prospects, the 2017 Revision"
"OA","Séries temporelles annuelles","104","Irlande","511","Population totale","3010","Population-Estimations","2013","2013","1000 personnes","4681.967","XU","UNDESA, Population Division – World Population Prospects, the 2017 Revision"
"OA","Séries temporelles annuelles","99","Islande","511","Population totale","3010","Population-Estimations","2013","2013","1000 personnes","327.029","XU","UNDESA, Population Division – World Population Prospects, the 2017 Revision"
"OA","Séries temporelles annuelles","105","Israël","511","Population totale","3010","Population-Estimations","2013","2013","1000 personnes","7821.105","XU","UNDESA, Population Division – World Population Prospects, the 2017 Revision"
"OA","Séries temporelles annuelles","106","Italie","511","Population totale","3010","Population-Estimations","2013","2013","1000 personnes","59668","XU","UNDESA, Population Division – World Population Prospects, the 2017 Revision"
"OA","Séries temporelles annuelles","109","Jamaïque","511","Population totale","3010","Population-Estimations","2013","2013","1000 personnes","2851.807","XU","UNDESA, Population Division – World Population Prospects, the 2017 Revision"
"OA","Séries temporelles annuelles","110","Japon","511","Population totale","3010","Population-Estimations","2013","2013","1000 personnes","128312.92","XU","UNDESA, Population Division – World Population Prospects, the 2017 Revision"
"OA","Séries temporelles annuelles","112","Jordanie","511","Population totale","3010","Population-Estimations","2013","2013","1000 personnes","8413.464","XU","UNDESA, Population Division – World Population Prospects, the 2017 Revision"
"OA","Séries temporelles annuelles","108","Kazakhstan","511","Population totale","3010","Population-Estimations","2013","2013","1000 personnes","17207.257","XU","UNDESA, Population Division – World Population Prospects, the 2017 Revision"
"OA","Séries temporelles annuelles","114","Kenya","511","Population totale","3010","Population-Estimations","2013","2013","1000 personnes","44826.849","XU","UNDESA, Population Division – World Population Prospects, the 2017 Revision"
"OA","Séries temporelles annuelles","113","Kirghizistan","511","Population totale","3010","Population-Estimations","2013","2013","1000 personnes","5683.808","XU","UNDESA, Population Division – World Population Prospects, the 2017 Revision"
"OA","Séries temporelles annuelles","83","Kiribati","511","Population totale","3010","Population-Estimations","2013","2013","1000 personnes","108.535","XU","UNDESA, Population Division – World Population Prospects, the 2017 Revision"
"OA","Séries temporelles annuelles","118","Koweït","511","Population totale","3010","Population-Estimations","2013","2013","1000 personnes","3598.385","XU","UNDESA, Population Division – World Population Prospects, the 2017 Revision"
"OA","Séries temporelles annuelles","122","Lesotho","511","Population totale","3010","Population-Estimations","2013","2013","1000 personnes","2117.361","XU","UNDESA, Population Division – World Population Prospects, the 2017 Revision"
"OA","Séries temporelles annuelles","119","Lettonie","511","Population totale","3010","Population-Estimations","2013","2013","1000 personnes","2040.784","XU","UNDESA, Population Division – World Population Prospects, the 2017 Revision"
"OA","Séries temporelles annuelles","154","l'ex-République yougoslave de Macédoine","511","Population totale","3010","Population-Estimations","2013","2013","1000 personnes","2075.739","XU","UNDESA, Population Division – World Population Prospects, the 2017 Revision"
"OA","Séries temporelles annuelles","121","Liban","511","Population totale","3010","Population-Estimations","2013","2013","1000 personnes","5276.102","XU","UNDESA, Population Division – World Population Prospects, the 2017 Revision"
"OA","Séries temporelles annuelles","123","Libéria","511","Population totale","3010","Population-Estimations","2013","2013","1000 personnes","4286.291","XU","UNDESA, Population Division – World Population Prospects, the 2017 Revision"
"OA","Séries temporelles annuelles","124","Libye","511","Population totale","3010","Population-Estimations","2013","2013","1000 personnes","6195.97","XU","UNDESA, Population Division – World Population Prospects, the 2017 Revision"
"OA","Séries temporelles annuelles","125","Liechtenstein","511","Population totale","3010","Population-Estimations","2013","2013","1000 personnes","36.834","XU","UNDESA, Population Division – World Population Prospects, the 2017 Revision"
"OA","Séries temporelles annuelles","126","Lituanie","511","Population totale","3010","Population-Estimations","2013","2013","1000 personnes","2997.334","XU","UNDESA, Population Division – World Population Prospects, the 2017 Revision"
"OA","Séries temporelles annuelles","256","Luxembourg","511","Population totale","3010","Population-Estimations","2013","2013","1000 personnes","544.721","XU","UNDESA, Population Division – World Population Prospects, the 2017 Revision"
"OA","Séries temporelles annuelles","129","Madagascar","511","Population totale","3010","Population-Estimations","2013","2013","1000 personnes","22961.146","XU","UNDESA, Population Division – World Population Prospects, the 2017 Revision"
"OA","Séries temporelles annuelles","131","Malaisie","511","Population totale","3010","Population-Estimations","2013","2013","1000 personnes","29706.724","XU","UNDESA, Population Division – World Population Prospects, the 2017 Revision"
"OA","Séries temporelles annuelles","130","Malawi","511","Population totale","3010","Population-Estimations","2013","2013","1000 personnes","16577.147","XU","UNDESA, Population Division – World Population Prospects, the 2017 Revision"
"OA","Séries temporelles annuelles","132","Maldives","511","Population totale","3010","Population-Estimations","2013","2013","1000 personnes","397.397","XU","UNDESA, Population Division – World Population Prospects, the 2017 Revision"
"OA","Séries temporelles annuelles","133","Mali","511","Population totale","3010","Population-Estimations","2013","2013","1000 personnes","16477.818","XU","UNDESA, Population Division – World Population Prospects, the 2017 Revision"
"OA","Séries temporelles annuelles","134","Malte","511","Population totale","3010","Population-Estimations","2013","2013","1000 personnes","423.246","XU","UNDESA, Population Division – World Population Prospects, the 2017 Revision"
"OA","Séries temporelles annuelles","143","Maroc","511","Population totale","3010","Population-Estimations","2013","2013","1000 personnes","33824.769","XU","UNDESA, Population Division – World Population Prospects, the 2017 Revision"
"OA","Séries temporelles annuelles","135","Martinique","511","Population totale","3010","Population-Estimations","2013","2013","1000 personnes","389.05","XU","UNDESA, Population Division – World Population Prospects, the 2017 Revision"
"OA","Séries temporelles annuelles","137","Maurice","511","Population totale","3010","Population-Estimations","2013","2013","1000 personnes","1255.29","XU","UNDESA, Population Division – World Population Prospects, the 2017 Revision"
"OA","Séries temporelles annuelles","136","Mauritanie","511","Population totale","3010","Population-Estimations","2013","2013","1000 personnes","3946.17","XU","UNDESA, Population Division – World Population Prospects, the 2017 Revision"
"OA","Séries temporelles annuelles","270","Mayotte","511","Population totale","3010","Population-Estimations","2013","2013","1000 personnes","227.351","XU","UNDESA, Population Division – World Population Prospects, the 2017 Revision"
"OA","Séries temporelles annuelles","138","Mexique","511","Population totale","3010","Population-Estimations","2013","2013","1000 personnes","122535.969","XU","UNDESA, Population Division – World Population Prospects, the 2017 Revision"
"OA","Séries temporelles annuelles","145","Micronésie (États fédérés de)","511","Population totale","3010","Population-Estimations","2013","2013","1000 personnes","103.702","XU","UNDESA, Population Division – World Population Prospects, the 2017 Revision"
"OA","Séries temporelles annuelles","140","Monaco","511","Population totale","3010","Population-Estimations","2013","2013","1000 personnes","37.971","XU","UNDESA, Population Division – World Population Prospects, the 2017 Revision"
"OA","Séries temporelles annuelles","141","Mongolie","511","Population totale","3010","Population-Estimations","2013","2013","1000 personnes","2869.107","XU","UNDESA, Population Division – World Population Prospects, the 2017 Revision"
"OA","Séries temporelles annuelles","273","Monténégro","511","Population totale","3010","Population-Estimations","2013","2013","1000 personnes","627.094","XU","UNDESA, Population Division – World Population Prospects, the 2017 Revision"
"OA","Séries temporelles annuelles","142","Montserrat","511","Population totale","3010","Population-Estimations","2013","2013","1000 personnes","5.068","XU","UNDESA, Population Division – World Population Prospects, the 2017 Revision"
"OA","Séries temporelles annuelles","144","Mozambique","511","Population totale","3010","Population-Estimations","2013","2013","1000 personnes","26434.372","XU","UNDESA, Population Division – World Population Prospects, the 2017 Revision"
"OA","Séries temporelles annuelles","28","Myanmar","511","Population totale","3010","Population-Estimations","2013","2013","1000 personnes","51448.196","XU","UNDESA, Population Division – World Population Prospects, the 2017 Revision"
"OA","Séries temporelles annuelles","147","Namibie","511","Population totale","3010","Population-Estimations","2013","2013","1000 personnes","2316.52","XU","UNDESA, Population Division – World Population Prospects, the 2017 Revision"
"OA","Séries temporelles annuelles","148","Nauru","511","Population totale","3010","Population-Estimations","2013","2013","1000 personnes","10.79","XU","UNDESA, Population Division – World Population Prospects, the 2017 Revision"
"OA","Séries temporelles annuelles","149","Népal","511","Population totale","3010","Population-Estimations","2013","2013","1000 personnes","27985.31","XU","UNDESA, Population Division – World Population Prospects, the 2017 Revision"
"OA","Séries temporelles annuelles","157","Nicaragua","511","Population totale","3010","Population-Estimations","2013","2013","1000 personnes","5945.747","XU","UNDESA, Population Division – World Population Prospects, the 2017 Revision"
"OA","Séries temporelles annuelles","158","Niger","511","Population totale","3010","Population-Estimations","2013","2013","1000 personnes","18426.372","XU","UNDESA, Population Division – World Population Prospects, the 2017 Revision"
"OA","Séries temporelles annuelles","159","Nigéria","511","Population totale","3010","Population-Estimations","2013","2013","1000 personnes","171829.303","XU","UNDESA, Population Division – World Population Prospects, the 2017 Revision"
"OA","Séries temporelles annuelles","160","Nioué","511","Population totale","3010","Population-Estimations","2013","2013","1000 personnes","1.623","XU","UNDESA, Population Division – World Population Prospects, the 2017 Revision"
"OA","Séries temporelles annuelles","162","Norvège","511","Population totale","3010","Population-Estimations","2013","2013","1000 personnes","5077.101","XU","UNDESA, Population Division – World Population Prospects, the 2017 Revision"
"OA","Séries temporelles annuelles","153","Nouvelle-Calédonie","511","Population totale","3010","Population-Estimations","2013","2013","1000 personnes","261.889","XU","UNDESA, Population Division – World Population Prospects, the 2017 Revision"
"OA","Séries temporelles annuelles","156","Nouvelle-Zélande","511","Population totale","3010","Population-Estimations","2013","2013","1000 personnes","4517.527","XU","UNDESA, Population Division – World Population Prospects, the 2017 Revision"
"OA","Séries temporelles annuelles","221","Oman","511","Population totale","3010","Population-Estimations","2013","2013","1000 personnes","3711.481","XU","UNDESA, Population Division – World Population Prospects, the 2017 Revision"
"OA","Séries temporelles annuelles","226","Ouganda","511","Population totale","3010","Population-Estimations","2013","2013","1000 personnes","37553.726","XU","UNDESA, Population Division – World Population Prospects, the 2017 Revision"
"OA","Séries temporelles annuelles","235","Ouzbékistan","511","Population totale","3010","Population-Estimations","2013","2013","1000 personnes","30019.734","XU","UNDESA, Population Division – World Population Prospects, the 2017 Revision"
"OA","Séries temporelles annuelles","165","Pakistan","511","Population totale","3010","Population-Estimations","2013","2013","1000 personnes","181712.595","XU","UNDESA, Population Division – World Population Prospects, the 2017 Revision"
"OA","Séries temporelles annuelles","180","Palaos","511","Population totale","3010","Population-Estimations","2013","2013","1000 personnes","20.92","XU","UNDESA, Population Division – World Population Prospects, the 2017 Revision"
"OA","Séries temporelles annuelles","166","Panama","511","Population totale","3010","Population-Estimations","2013","2013","1000 personnes","3838.462","XU","UNDESA, Population Division – World Population Prospects, the 2017 Revision"
"OA","Séries temporelles annuelles","168","Papouasie-Nouvelle-Guinée","511","Population totale","3010","Population-Estimations","2013","2013","1000 personnes","7592.865","XU","UNDESA, Population Division – World Population Prospects, the 2017 Revision"
"OA","Séries temporelles annuelles","169","Paraguay","511","Population totale","3010","Population-Estimations","2013","2013","1000 personnes","6465.74","XU","UNDESA, Population Division – World Population Prospects, the 2017 Revision"
"OA","Séries temporelles annuelles","150","Pays-Bas","511","Population totale","3010","Population-Estimations","2013","2013","1000 personnes","16839.699","XU","UNDESA, Population Division – World Population Prospects, the 2017 Revision"
"OA","Séries temporelles annuelles","170","Pérou","511","Population totale","3010","Population-Estimations","2013","2013","1000 personnes","30565.716","XU","UNDESA, Population Division – World Population Prospects, the 2017 Revision"
"OA","Séries temporelles annuelles","171","Philippines","511","Population totale","3010","Population-Estimations","2013","2013","1000 personnes","98481.032","XU","UNDESA, Population Division – World Population Prospects, the 2017 Revision"
"OA","Séries temporelles annuelles","173","Pologne","511","Population totale","3010","Population-Estimations","2013","2013","1000 personnes","38309.451","XU","UNDESA, Population Division – World Population Prospects, the 2017 Revision"
"OA","Séries temporelles annuelles","70","Polynésie française","511","Population totale","3010","Population-Estimations","2013","2013","1000 personnes","273.528","XU","UNDESA, Population Division – World Population Prospects, the 2017 Revision"
"OA","Séries temporelles annuelles","177","Porto Rico","511","Population totale","3010","Population-Estimations","2013","2013","1000 personnes","3688.723","XU","UNDESA, Population Division – World Population Prospects, the 2017 Revision"
"OA","Séries temporelles annuelles","174","Portugal","511","Population totale","3010","Population-Estimations","2013","2013","1000 personnes","10527.674","XU","UNDESA, Population Division – World Population Prospects, the 2017 Revision"
"OA","Séries temporelles annuelles","179","Qatar","511","Population totale","3010","Population-Estimations","2013","2013","1000 personnes","2250.473","XU","UNDESA, Population Division – World Population Prospects, the 2017 Revision"
"OA","Séries temporelles annuelles","212","République arabe syrienne","511","Population totale","3010","Population-Estimations","2013","2013","1000 personnes","19809.141","XU","UNDESA, Population Division – World Population Prospects, the 2017 Revision"
"OA","Séries temporelles annuelles","37","République centrafricaine","511","Population totale","3010","Population-Estimations","2013","2013","1000 personnes","4499.653","XU","UNDESA, Population Division – World Population Prospects, the 2017 Revision"
"OA","Séries temporelles annuelles","117","République de Corée","511","Population totale","3010","Population-Estimations","2013","2013","1000 personnes","50169.242","XU","UNDESA, Population Division – World Population Prospects, the 2017 Revision"
"OA","Séries temporelles annuelles","146","République de Moldova","511","Population totale","3010","Population-Estimations","2013","2013","1000 personnes","4071.964","XU","UNDESA, Population Division – World Population Prospects, the 2017 Revision"
"OA","Séries temporelles annuelles","250","République démocratique du Congo","511","Population totale","3010","Population-Estimations","2013","2013","1000 personnes","71316.033","XU","UNDESA, Population Division – World Population Prospects, the 2017 Revision"
"OA","Séries temporelles annuelles","120","République démocratique populaire lao","511","Population totale","3010","Population-Estimations","2013","2013","1000 personnes","6494.557","XU","UNDESA, Population Division – World Population Prospects, the 2017 Revision"
"OA","Séries temporelles annuelles","56","République dominicaine","511","Population totale","3010","Population-Estimations","2013","2013","1000 personnes","10281.296","XU","UNDESA, Population Division – World Population Prospects, the 2017 Revision"
"OA","Séries temporelles annuelles","116","République populaire démocratique de Corée","511","Population totale","3010","Population-Estimations","2013","2013","1000 personnes","24985.976","XU","UNDESA, Population Division – World Population Prospects, the 2017 Revision"
"OA","Séries temporelles annuelles","215","République-Unie de Tanzanie","511","Population totale","3010","Population-Estimations","2013","2013","1000 personnes","50636.595","XU","UNDESA, Population Division – World Population Prospects, the 2017 Revision"
"OA","Séries temporelles annuelles","182","Réunion","511","Population totale","3010","Population-Estimations","2013","2013","1000 personnes","850.4","XU","UNDESA, Population Division – World Population Prospects, the 2017 Revision"
"OA","Séries temporelles annuelles","183","Roumanie","511","Population totale","3010","Population-Estimations","2013","2013","1000 personnes","20068.201","XU","UNDESA, Population Division – World Population Prospects, the 2017 Revision"
"OA","Séries temporelles annuelles","229","Royaume-Uni","511","Population totale","3010","Population-Estimations","2013","2013","1000 personnes","64641.11","XU","UNDESA, Population Division – World Population Prospects, the 2017 Revision"
"OA","Séries temporelles annuelles","184","Rwanda","511","Population totale","3010","Population-Estimations","2013","2013","1000 personnes","11065.151","XU","UNDESA, Population Division – World Population Prospects, the 2017 Revision"
"OA","Séries temporelles annuelles","205","Sahara occidental","511","Population totale","3010","Population-Estimations","2013","2013","1000 personnes","504.855","XU","UNDESA, Population Division – World Population Prospects, the 2017 Revision"
"OA","Séries temporelles annuelles","187","Sainte-Hélène, Ascension et Tristan de Cunha","511","Population totale","3010","Population-Estimations","2013","2013","1000 personnes","4.081","XU","UNDESA, Population Division – World Population Prospects, the 2017 Revision"
"OA","Séries temporelles annuelles","189","Sainte-Lucie","511","Population totale","3010","Population-Estimations","2013","2013","1000 personnes","175.66","XU","UNDESA, Population Division – World Population Prospects, the 2017 Revision"
"OA","Séries temporelles annuelles","188","Saint-Kitts-et-Nevis","511","Population totale","3010","Population-Estimations","2013","2013","1000 personnes","53.169","XU","UNDESA, Population Division – World Population Prospects, the 2017 Revision"
"OA","Séries temporelles annuelles","192","Saint-Marin","511","Population totale","3010","Population-Estimations","2013","2013","1000 personnes","32.303","XU","UNDESA, Population Division – World Population Prospects, the 2017 Revision"
"OA","Séries temporelles annuelles","190","Saint-Pierre-et-Miquelon","511","Population totale","3010","Population-Estimations","2013","2013","1000 personnes","6.273","XU","UNDESA, Population Division – World Population Prospects, the 2017 Revision"
"OA","Séries temporelles annuelles","94","Saint-Siège","511","Population totale","3010","Population-Estimations","2013","2013","1000 personnes","0.801","XU","UNDESA, Population Division – World Population Prospects, the 2017 Revision"
"OA","Séries temporelles annuelles","191","Saint-Vincent-et-les Grenadines","511","Population totale","3010","Population-Estimations","2013","2013","1000 personnes","109.32","XU","UNDESA, Population Division – World Population Prospects, the 2017 Revision"
"OA","Séries temporelles annuelles","244","Samoa","511","Population totale","3010","Population-Estimations","2013","2013","1000 personnes","190.757","XU","UNDESA, Population Division – World Population Prospects, the 2017 Revision"
"OA","Séries temporelles annuelles","5","Samoa américaines","511","Population totale","3010","Population-Estimations","2013","2013","1000 personnes","55.307","XU","UNDESA, Population Division – World Population Prospects, the 2017 Revision"
"OA","Séries temporelles annuelles","193","Sao Tomé-et-Principe","511","Population totale","3010","Population-Estimations","2013","2013","1000 personnes","187.045","XU","UNDESA, Population Division – World Population Prospects, the 2017 Revision"
"OA","Séries temporelles annuelles","195","Sénégal","511","Population totale","3010","Population-Estimations","2013","2013","1000 personnes","14120.32","XU","UNDESA, Population Division – World Population Prospects, the 2017 Revision"
"OA","Séries temporelles annuelles","272","Serbie","511","Population totale","3010","Population-Estimations","2013","2013","1000 personnes","8920.215","XU","UNDESA, Population Division – World Population Prospects, the 2017 Revision"
"OA","Séries temporelles annuelles","196","Seychelles","511","Population totale","3010","Population-Estimations","2013","2013","1000 personnes","92.765","XU","UNDESA, Population Division – World Population Prospects, the 2017 Revision"
"OA","Séries temporelles annuelles","197","Sierra Leone","511","Population totale","3010","Population-Estimations","2013","2013","1000 personnes","6922.079","XU","UNDESA, Population Division – World Population Prospects, the 2017 Revision"
"OA","Séries temporelles annuelles","200","Singapour","511","Population totale","3010","Population-Estimations","2013","2013","1000 personnes","5360.837","XU","UNDESA, Population Division – World Population Prospects, the 2017 Revision"
"OA","Séries temporelles annuelles","199","Slovaquie","511","Population totale","3010","Population-Estimations","2013","2013","1000 personnes","5425.13","XU","UNDESA, Population Division – World Population Prospects, the 2017 Revision"
"OA","Séries temporelles annuelles","198","Slovénie","511","Population totale","3010","Population-Estimations","2013","2013","1000 personnes","2066.119","XU","UNDESA, Population Division – World Population Prospects, the 2017 Revision"
"OA","Séries temporelles annuelles","201","Somalie","511","Population totale","3010","Population-Estimations","2013","2013","1000 personnes","13132.349","XU","UNDESA, Population Division – World Population Prospects, the 2017 Revision"
"OA","Séries temporelles annuelles","276","Soudan","511","Population totale","3010","Population-Estimations","2013","2013","1000 personnes","36849.918","XU","UNDESA, Population Division – World Population Prospects, the 2017 Revision"
"OA","Séries temporelles annuelles","277","Soudan du Sud","511","Population totale","3010","Population-Estimations","2013","2013","1000 personnes","11177.49","XU","UNDESA, Population Division – World Population Prospects, the 2017 Revision"
"OA","Séries temporelles annuelles","38","Sri Lanka","511","Population totale","3010","Population-Estimations","2013","2013","1000 personnes","20527.233","XU","UNDESA, Population Division – World Population Prospects, the 2017 Revision"
"OA","Séries temporelles annuelles","210","Suède","511","Population totale","3010","Population-Estimations","2013","2013","1000 personnes","9615.247","XU","UNDESA, Population Division – World Population Prospects, the 2017 Revision"
"OA","Séries temporelles annuelles","211","Suisse","511","Population totale","3010","Population-Estimations","2013","2013","1000 personnes","8132.674","XU","UNDESA, Population Division – World Population Prospects, the 2017 Revision"
"OA","Séries temporelles annuelles","207","Suriname","511","Population totale","3010","Population-Estimations","2013","2013","1000 personnes","542.54","XU","UNDESA, Population Division – World Population Prospects, the 2017 Revision"
"OA","Séries temporelles annuelles","209","Eswatini","511","Population totale","3010","Population-Estimations","2013","2013","1000 personnes","1271.456","XU","UNDESA, Population Division – World Population Prospects, the 2017 Revision"
"OA","Séries temporelles annuelles","208","Tadjikistan","511","Population totale","3010","Population-Estimations","2013","2013","1000 personnes","8177.809","XU","UNDESA, Population Division – World Population Prospects, the 2017 Revision"
"OA","Séries temporelles annuelles","39","Tchad","511","Population totale","3010","Population-Estimations","2013","2013","1000 personnes","13133.589","XU","UNDESA, Population Division – World Population Prospects, the 2017 Revision"
"OA","Séries temporelles annuelles","167","Tchéquie (la)","511","Population totale","3010","Population-Estimations","2013","2013","1000 personnes","10594.481","XU","UNDESA, Population Division – World Population Prospects, the 2017 Revision"
"OA","Séries temporelles annuelles","299","Territoire palestinien occupé","511","Population totale","3010","Population-Estimations","2013","2013","1000 personnes","4414.644","XU","UNDESA, Population Division – World Population Prospects, the 2017 Revision"
"OA","Séries temporelles annuelles","216","Thaïlande","511","Population totale","3010","Population-Estimations","2013","2013","1000 personnes","68143.065","XU","UNDESA, Population Division – World Population Prospects, the 2017 Revision"
"OA","Séries temporelles annuelles","176","Timor-Leste","511","Population totale","3010","Population-Estimations","2013","2013","1000 personnes","1184.366","XU","UNDESA, Population Division – World Population Prospects, the 2017 Revision"
"OA","Séries temporelles annuelles","217","Togo","511","Population totale","3010","Population-Estimations","2013","2013","1000 personnes","7042.948","XU","UNDESA, Population Division – World Population Prospects, the 2017 Revision"
"OA","Séries temporelles annuelles","218","Tokélaou","511","Population totale","3010","Population-Estimations","2013","2013","1000 personnes","1.187","XU","UNDESA, Population Division – World Population Prospects, the 2017 Revision"
"OA","Séries temporelles annuelles","219","Tonga","511","Population totale","3010","Population-Estimations","2013","2013","1000 personnes","105.328","XU","UNDESA, Population Division – World Population Prospects, the 2017 Revision"
"OA","Séries temporelles annuelles","220","Trinité-et-Tobago","511","Population totale","3010","Population-Estimations","2013","2013","1000 personnes","1348.248","XU","UNDESA, Population Division – World Population Prospects, the 2017 Revision"
"OA","Séries temporelles annuelles","222","Tunisie","511","Population totale","3010","Population-Estimations","2013","2013","1000 personnes","11014.558","XU","UNDESA, Population Division – World Population Prospects, the 2017 Revision"
"OA","Séries temporelles annuelles","213","Turkménistan","511","Population totale","3010","Population-Estimations","2013","2013","1000 personnes","5366.277","XU","UNDESA, Population Division – World Population Prospects, the 2017 Revision"
"OA","Séries temporelles annuelles","223","Turquie","511","Population totale","3010","Population-Estimations","2013","2013","1000 personnes","75787.333","XU","UNDESA, Population Division – World Population Prospects, the 2017 Revision"
"OA","Séries temporelles annuelles","227","Tuvalu","511","Population totale","3010","Population-Estimations","2013","2013","1000 personnes","10.819","XU","UNDESA, Population Division – World Population Prospects, the 2017 Revision"
"OA","Séries temporelles annuelles","230","Ukraine","511","Population totale","3010","Population-Estimations","2013","2013","1000 personnes","45115.785","XU","UNDESA, Population Division – World Population Prospects, the 2017 Revision"
"OA","Séries temporelles annuelles","234","Uruguay","511","Population totale","3010","Population-Estimations","2013","2013","1000 personnes","3408.005","XU","UNDESA, Population Division – World Population Prospects, the 2017 Revision"
"OA","Séries temporelles annuelles","155","Vanuatu","511","Population totale","3010","Population-Estimations","2013","2013","1000 personnes","253.142","XU","UNDESA, Population Division – World Population Prospects, the 2017 Revision"
"OA","Séries temporelles annuelles","236","Venezuela (République bolivarienne du)","511","Population totale","3010","Population-Estimations","2013","2013","1000 personnes","30317.848","XU","UNDESA, Population Division – World Population Prospects, the 2017 Revision"
"OA","Séries temporelles annuelles","237","Viet Nam","511","Population totale","3010","Population-Estimations","2013","2013","1000 personnes","91497.725","XU","UNDESA, Population Division – World Population Prospects, the 2017 Revision"
"OA","Séries temporelles annuelles","249","Yémen","511","Population totale","3010","Population-Estimations","2013","2013","1000 personnes","25576.322","XU","UNDESA, Population Division – World Population Prospects, the 2017 Revision"
"OA","Séries temporelles annuelles","251","Zambie","511","Population totale","3010","Population-Estimations","2013","2013","1000 personnes","15153.21","XU","UNDESA, Population Division – World Population Prospects, the 2017 Revision"
"OA","Séries temporelles annuelles","181","Zimbabwe","511","Population totale","3010","Population-Estimations","2013","2013","1000 personnes","15054.506","XU","UNDESA, Population Division – World Population Prospects, the 2017 Revision"
